"LAYER1_OID","LAYER_1_TAX_CODE","LAYER1","LAYER2_OID","LAYER_2_TAX_CODE","LAYER2","LAYER3_OID","LAYER_3_TAX_CODE","LAYER3"
"1000001","A0","Agriculture, forestry and fishing","1000002","A0.010","Agriculture","1000011","A0.010.090","Animal farming support services"
"1000001","A0","Agriculture, forestry and fishing","1000002","A0.010","Agriculture","1000003","A0.010.010","Arable farming"
"1000001","A0","Agriculture, forestry and fishing","1000002","A0.010","Agriculture","1000004","A0.010.020","Arable farming support services"
"1000001","A0","Agriculture, forestry and fishing","1000002","A0.010","Agriculture","1000009","A0.010.070","Beekeeping"
"1000001","A0","Agriculture, forestry and fishing","1000002","A0.010","Agriculture","1000005","A0.010.030","Cattle farming"
"1000001","A0","Agriculture, forestry and fishing","1000002","A0.010","Agriculture","1000010","A0.010.080","Other animal farming"
"1000001","A0","Agriculture, forestry and fishing","1000002","A0.010","Agriculture","1000007","A0.010.050","Pig farming"
"1000001","A0","Agriculture, forestry and fishing","1000002","A0.010","Agriculture","1000008","A0.010.060","Poultry farming"
"1000001","A0","Agriculture, forestry and fishing","1000002","A0.010","Agriculture","1087768512","A0.010.100","Seed merchants, processor and packers"
"1000001","A0","Agriculture, forestry and fishing","1000002","A0.010","Agriculture","1000006","A0.010.040","Sheep and goat farming"
"1000001","A0","Agriculture, forestry and fishing","1000015","A0.030","Fishing and hunting","1000018","A0.030.030","Animal hunting and trapping"
"1000001","A0","Agriculture, forestry and fishing","1000015","A0.030","Fishing and hunting","1000017","A0.030.020","Fish farming"
"1000001","A0","Agriculture, forestry and fishing","1000015","A0.030","Fishing and hunting","1000016","A0.030.010","Fishing"
"1000001","A0","Agriculture, forestry and fishing","1000012","A0.020","Forestry","1000013","A0.020.010","Forestry"
"1000001","A0","Agriculture, forestry and fishing","1000012","A0.020","Forestry","1000014","A0.020.020","Logging"
"1000485","P0","Arts, sports and recreation","1000486","P0.010","Arts and entertainment","1000491","P0.010.050","Amusement arcade operation"
"1000485","P0","Arts, sports and recreation","1000486","P0.010","Arts and entertainment","1000487","P0.010.010","Artists and artists companies"
"1000485","P0","Arts, sports and recreation","1000486","P0.010","Arts and entertainment","1000488","P0.010.020","Arts and entertainment agencies"
"1000485","P0","Arts, sports and recreation","1000486","P0.010","Arts and entertainment","1000489","P0.010.030","Arts and entertainment facility operation"
"1000485","P0","Arts, sports and recreation","1000486","P0.010","Arts and entertainment","1000481","N0.020.050","Fine art instruction"
"1000485","P0","Arts, sports and recreation","1000486","P0.010","Arts and entertainment","1086949597","P0.010.110","Firework Display Operation"
"1000485","P0","Arts, sports and recreation","1000486","P0.010","Arts and entertainment","1000494","P0.010.090","Heritage site operation"
"1000485","P0","Arts, sports and recreation","1000486","P0.010","Arts and entertainment","1000493","P0.010.080","Museums and gallery operation"
"1000485","P0","Arts, sports and recreation","1000486","P0.010","Arts and entertainment","1000471","M0.020.060","Party planning"
"1000485","P0","Arts, sports and recreation","1000486","P0.010","Arts and entertainment","1000286","F0.090.100","Party supplies hire"
"1000485","P0","Arts, sports and recreation","1000486","P0.010","Arts and entertainment","1000492","P0.010.070","Theme park operation"
"1000485","P0","Arts, sports and recreation","1000486","P0.010","Arts and entertainment","1000490","P0.010.040","Ticket agencies"
"1000485","P0","Arts, sports and recreation","1000486","P0.010","Arts and entertainment","1000300","G0.010.060","Tour operator services"
"1000485","P0","Arts, sports and recreation","1000486","P0.010","Arts and entertainment","1000299","G0.010.050","Travel agency services"
"1000485","P0","Arts, sports and recreation","1000486","P0.010","Arts and entertainment","1076864060","P0.010.100","Zoos"
"1000485","P0","Arts, sports and recreation","1000502","P0.030","Gambling facilities operation","1000491","P0.010.050","Amusement arcade operation"
"1000485","P0","Arts, sports and recreation","1000502","P0.030","Gambling facilities operation","1000504","P0.030.020","Betting shop operation"
"1000485","P0","Arts, sports and recreation","1000502","P0.030","Gambling facilities operation","1000505","P0.030.030","Bingo hall operation"
"1000485","P0","Arts, sports and recreation","1000502","P0.030","Gambling facilities operation","1000503","P0.030.010","Casino operation"
"1000485","P0","Arts, sports and recreation","1000502","P0.030","Gambling facilities operation","1087768661","P0.030.060","Track betting operation"
"1000485","P0","Arts, sports and recreation","1000495","P0.020","Sports and recreation","1000483","N0.020.070","Athletic instruction"
"1000485","P0","Arts, sports and recreation","1000495","P0.020","Sports and recreation","1000499","P0.020.040","Fitness centre operation"
"1000485","P0","Arts, sports and recreation","1000495","P0.020","Sports and recreation","1000500","P0.020.050","Outdoor adventure centre operation"
"1000485","P0","Arts, sports and recreation","1000495","P0.020","Sports and recreation","1000501","P0.020.060","Racehorse owning and training"
"1000485","P0","Arts, sports and recreation","1000495","P0.020","Sports and recreation","1000497","P0.020.020","Sports and athletic agencies"
"1000485","P0","Arts, sports and recreation","1000495","P0.020","Sports and recreation","1000496","P0.020.010","Sports clubs"
"1000485","P0","Arts, sports and recreation","1000495","P0.020","Sports and recreation","1000498","P0.020.030","Sports facility operation"
"1000485","P0","Arts, sports and recreation","1000495","P0.020","Sports and recreation","1000490","P0.010.040","Ticket agencies"
"1000408","K0","Catering and accommodation","1000409","K0.010","Accommodation","1000412","K0.010.030","Camping sites"
"1000408","K0","Catering and accommodation","1000409","K0.010","Accommodation","1000411","K0.010.020","Hostels"
"1000408","K0","Catering and accommodation","1000409","K0.010","Accommodation","1000410","K0.010.010","Hotels"
"1000408","K0","Catering and accommodation","1000409","K0.010","Accommodation","1000413","K0.010.040","Self-catering accommodation"
"1000408","K0","Catering and accommodation","1000414","K0.020","Bars","1000415","K0.020.010","Licensed nightclubs"
"1000408","K0","Catering and accommodation","1000414","K0.020","Bars","1087768601","K0.020.030","Members clubs"
"1000408","K0","Catering and accommodation","1000414","K0.020","Bars","1000416","K0.020.020","Public houses"
"1000408","K0","Catering and accommodation","1000417","K0.030","Catering","1000422","K0.030.050","Canteens"
"1000408","K0","Catering and accommodation","1000417","K0.030","Catering","1000423","K0.030.060","Catering services"
"1000408","K0","Catering and accommodation","1000417","K0.030","Catering","1000418","K0.030.010","Licensed restaurants"
"1000408","K0","Catering and accommodation","1000417","K0.030","Catering","1000420","K0.030.030","Take-away food shops"
"1000408","K0","Catering and accommodation","1000417","K0.030","Catering","1000421","K0.030.040","Take-away food stalls"
"1000408","K0","Catering and accommodation","1000417","K0.030","Catering","1000419","K0.030.020","Unlicensed restaurants"
"1000027","C0","Construction","1000048","C0.030","Architectural and other building services","1000049","C0.030.010","Architectural services"
"1000027","C0","Construction","1000048","C0.030","Architectural and other building services","1000053","C0.030.050","Construction consultancy"
"1000027","C0","Construction","1000048","C0.030","Architectural and other building services","1000050","C0.030.020","Landscape design services"
"1000027","C0","Construction","1000048","C0.030","Architectural and other building services","1000052","C0.030.040","Quantity surveying"
"1000027","C0","Construction","1000048","C0.030","Architectural and other building services","1000051","C0.030.030","Urban planning services"
"1000027","C0","Construction","1000028","C0.010","Building construction","1000031","C0.010.030","Civil engineering"
"1000027","C0","Construction","1000028","C0.010","Building construction","1000030","C0.010.020","Commercial building construction"
"1000027","C0","Construction","1000028","C0.010","Building construction","1000029","C0.010.010","Residential building construction"
"1000027","C0","Construction","1000032","C0.020","Building trades","1000034","C0.020.020","Brick laying"
"1000027","C0","Construction","1000032","C0.020","Building trades","1000045","C0.020.130","Building exterior cleaning"
"1000027","C0","Construction","1000032","C0.020","Building trades","1000033","C0.020.010","Building site preparation"
"1000027","C0","Construction","1000032","C0.020","Building trades","1000047","C0.020.150","Construction equipment hire with operator"
"1000027","C0","Construction","1000032","C0.020","Building trades","1000039","C0.020.070","Damp proofing"
"1000027","C0","Construction","1000032","C0.020","Building trades","1000036","C0.020.040","Electrical installation and repair"
"1000027","C0","Construction","1000032","C0.020","Building trades","1000043","C0.020.110","Floor covering"
"1000027","C0","Construction","1000032","C0.020","Building trades","1000042","C0.020.100","Glazing"
"1000027","C0","Construction","1000032","C0.020","Building trades","1000037","C0.020.050","Insulation installation"
"1000027","C0","Construction","1000032","C0.020","Building trades","1076864127","C0.020.095","Joinery"
"1000027","C0","Construction","1000032","C0.020","Building trades","1000046","C0.020.140","Other specialised construction activities"
"1000027","C0","Construction","1000032","C0.020","Building trades","1000044","C0.020.120","Painting and decorating"
"1000027","C0","Construction","1000032","C0.020","Building trades","1000040","C0.020.080","Plastering"
"1000027","C0","Construction","1000032","C0.020","Building trades","1000038","C0.020.060","Plumbing"
"1000027","C0","Construction","1000032","C0.020","Building trades","1000035","C0.020.030","Roofing"
"1000027","C0","Construction","1000032","C0.020","Building trades","1000041","C0.020.090","Shop fitting"
"1000473","N0","Education","1000477","N0.020","Adult and other education","1000483","N0.020.070","Athletic instruction"
"1000473","N0","Education","1000477","N0.020","Adult and other education","1000478","N0.020.010","Business and professional training"
"1000473","N0","Education","1000477","N0.020","Adult and other education","1000371","N0.020.020","Computer training"
"1000473","N0","Education","1000477","N0.020","Adult and other education","1000482","N0.020.060","Driving instruction"
"1000473","N0","Education","1000477","N0.020","Adult and other education","1000481","N0.020.050","Fine art instruction"
"1000473","N0","Education","1000477","N0.020","Adult and other education","1000480","N0.020.040","Language instruction"
"1000473","N0","Education","1000477","N0.020","Adult and other education","1000484","N0.020.080","Personal development instruction"
"1000473","N0","Education","1000477","N0.020","Adult and other education","1000479","N0.020.030","Technical and vocational training"
"1000473","N0","Education","1000474","N0.010","Formal education","1000475","N0.010.010","Primary education"
"1000473","N0","Education","1000474","N0.010","Formal education","1000476","N0.010.020","Secondary education"
"1000424","L0","Health and social care services","1000441","L0.020","Complementary therapy services","1000442","L0.020.010","Acupuncture"
"1000424","L0","Health and social care services","1000441","L0.020","Complementary therapy services","1000446","L0.020.050","Aromatherapy"
"1000424","L0","Health and social care services","1000441","L0.020","Complementary therapy services","1079032405","L0.020.080","Art and music therapy"
"1000424","L0","Health and social care services","1000441","L0.020","Complementary therapy services","1000447","L0.020.060","Chiropractic"
"1000424","L0","Health and social care services","1000441","L0.020","Complementary therapy services","1000444","L0.020.030","Homeopathy"
"1000424","L0","Health and social care services","1000441","L0.020","Complementary therapy services","1000445","L0.020.040","Hypnotherapy"
"1000424","L0","Health and social care services","1000441","L0.020","Complementary therapy services","1000448","L0.020.070","Osteopathy"
"1000424","L0","Health and social care services","1000441","L0.020","Complementary therapy services","1000443","L0.020.020","Reflexology"
"1000424","L0","Health and social care services","1000425","L0.010","Health services","1087767839","L0.010.230","Art therapy"
"1000424","L0","Health and social care services","1000425","L0.010","Health services","1000430","L0.010.050","Chiropody"
"1000424","L0","Health and social care services","1000425","L0.010","Health services","1000429","L0.010.040","Dental hygienist services"
"1000424","L0","Health and social care services","1000425","L0.010","Health services","1000428","L0.010.030","Dentistry"
"1000424","L0","Health and social care services","1000425","L0.010","Health services","1000426","L0.010.010","Doctor services"
"1000424","L0","Health and social care services","1000425","L0.010","Health services","1000440","L0.010.200","Hospitals"
"1000424","L0","Health and social care services","1000425","L0.010","Health services","1000436","L0.010.110","Midwifery"
"1000424","L0","Health and social care services","1000425","L0.010","Health services","1000427","L0.010.020","Nurse services"
"1000424","L0","Health and social care services","1000425","L0.010","Health services","1000431","L0.010.060","Nutritionist services"
"1000424","L0","Health and social care services","1000425","L0.010","Health services","1000438","L0.010.140","Occupational therapy"
"1000424","L0","Health and social care services","1000425","L0.010","Health services","1000432","L0.010.070","Optician services"
"1000424","L0","Health and social care services","1000425","L0.010","Health services","1000433","L0.010.080","Optometry"
"1000424","L0","Health and social care services","1000425","L0.010","Health services","1087767912","L0.010.250","Orthoptics"
"1000424","L0","Health and social care services","1000425","L0.010","Health services","1087767813","L0.010.210","Orthotics"
"1000424","L0","Health and social care services","1000425","L0.010","Health services","1000434","L0.010.090","Physiotherapy"
"1000424","L0","Health and social care services","1000425","L0.010","Health services","1087767835","L0.010.220","Prosthetics"
"1000424","L0","Health and social care services","1000425","L0.010","Health services","1000435","L0.010.100","Psychotherapy"
"1000424","L0","Health and social care services","1000425","L0.010","Health services","1087767863","L0.010.240","Radiography"
"1000424","L0","Health and social care services","1000425","L0.010","Health services","1000352","H0.060.010","Recruitment agencies and personnel supply"
"1000424","L0","Health and social care services","1000425","L0.010","Health services","1000439","L0.010.150","Speech therapy"
"1000424","L0","Health and social care services","1000425","L0.010","Health services","1000437","L0.010.120","Veterinary services"
"1000424","L0","Health and social care services","1000449","L0.030","Social care services","1000453","L0.030.040","Childrens day care centres"
"1000424","L0","Health and social care services","1000449","L0.030","Social care services","1000451","L0.030.020","Childrens homes"
"1000424","L0","Health and social care services","1000449","L0.030","Social care services","1087767923","L0.030.070","Domiciliary care"
"1000424","L0","Health and social care services","1000449","L0.030","Social care services","1000454","L0.030.050","Nanny services"
"1000424","L0","Health and social care services","1000449","L0.030","Social care services","1000450","L0.030.010","Nursing homes"
"1000424","L0","Health and social care services","1000449","L0.030","Social care services","1000452","L0.030.030","Retirement homes"
"1000424","L0","Health and social care services","1000449","L0.030","Social care services","1000455","L0.030.060","Social work"
"1000367","I0","IT and telecommunications services","1000368","I0.010","Computer services","1000370","I0.010.020","Computer installation, maintenance and support services"
"1000367","I0","IT and telecommunications services","1000368","I0.010","Computer services","1000371","N0.020.020","Computer training"
"1000367","I0","IT and telecommunications services","1000368","I0.010","Computer services","1000254","F0.040.080","Computers and electronic office equipment repair"
"1000367","I0","IT and telecommunications services","1000368","I0.010","Computer services","1000253","F0.040.070","Computers and electronic office equipment retail"
"1000367","I0","IT and telecommunications services","1000368","I0.010","Computer services","1000372","I0.010.030","IT consultancy"
"1000367","I0","IT and telecommunications services","1000368","I0.010","Computer services","1000369","I0.010.010","Software development and publishing"
"1000367","I0","IT and telecommunications services","1000373","I0.020","Internet services","1000378","I0.020.050","Internet consultancy"
"1000367","I0","IT and telecommunications services","1000373","I0.020","Internet services","1000377","I0.020.040","Internet publishing and broadcasting"
"1000367","I0","IT and telecommunications services","1000373","I0.020","Internet services","1000374","I0.020.010","Internet service provision"
"1000367","I0","IT and telecommunications services","1000373","I0.020","Internet services","1000376","I0.020.030","Web design and development"
"1000367","I0","IT and telecommunications services","1000373","I0.020","Internet services","1000375","I0.020.020","Web hosting"
"1000367","I0","IT and telecommunications services","1000379","I0.030","Telecommunications services","1000381","I0.030.020","Broadband telecommunications service provision"
"1000367","I0","IT and telecommunications services","1000379","I0.030","Telecommunications services","1000382","I0.030.030","Mobile telecommunications service provision"
"1000367","I0","IT and telecommunications services","1000379","I0.030","Telecommunications services","1000255","F0.040.090","Telecommunication equipment retail"
"1000367","I0","IT and telecommunications services","1000379","I0.030","Telecommunications services","1000384","I0.030.050","Telecommunications consultancy"
"1000367","I0","IT and telecommunications services","1000379","I0.030","Telecommunications services","1000383","I0.030.040","Telecommunications resellers"
"1000367","I0","IT and telecommunications services","1000379","I0.030","Telecommunications services","1000380","I0.030.010","Telephone service provision"
"1000054","D0","Manufacturing","1000131","D0.140","Arts, sports and recreation goods manufacturing","1000132","D0.140.007","Bicycle and bicycle parts manufacturing"
"1000054","D0","Manufacturing","1000131","D0.140","Arts, sports and recreation goods manufacturing","1000136","D0.140.040","Handicrafts manufacturing"
"1000054","D0","Manufacturing","1000131","D0.140","Arts, sports and recreation goods manufacturing","1000135","D0.140.030","Musical instrument manufacturing"
"1000054","D0","Manufacturing","1000131","D0.140","Arts, sports and recreation goods manufacturing","1000133","D0.140.010","Sports equipment manufacturing"
"1000054","D0","Manufacturing","1000131","D0.140","Arts, sports and recreation goods manufacturing","1000134","D0.140.020","Toys and games manufacturing"
"1000054","D0","Manufacturing","1000093","D0.070","Building materials manufacturing","1000098","D0.070.050","Builders joinery manufacturing"
"1000054","D0","Manufacturing","1000093","D0.070","Building materials manufacturing","1000094","D0.070.010","Clay and ceramic building materials manufacturing"
"1000054","D0","Manufacturing","1000093","D0.070","Building materials manufacturing","1000096","D0.070.030","Concrete and cement products manufacturing"
"1000054","D0","Manufacturing","1000093","D0.070","Building materials manufacturing","1000095","D0.070.020","Glass building products manufacturing"
"1000054","D0","Manufacturing","1000093","D0.070","Building materials manufacturing","1079032064","D0.070.060","Household articles manufacturing"
"1000054","D0","Manufacturing","1000093","D0.070","Building materials manufacturing","1000097","D0.070.040","Stone and slate products manufacturing"
"1000054","D0","Manufacturing","1000083","D0.060","Chemical and petroleum products manufacturing","1000085","D0.060.020","Agrochemicals manufacturing"
"1000054","D0","Manufacturing","1000083","D0.060","Chemical and petroleum products manufacturing","1000091","D0.060.080","Beauty and toilet products manufacturing"
"1000054","D0","Manufacturing","1000083","D0.060","Chemical and petroleum products manufacturing","1000090","D0.060.070","Biopharmaceuticals manufacturing"
"1000054","D0","Manufacturing","1000083","D0.060","Chemical and petroleum products manufacturing","1000092","D0.060.090","Cleaning compound manufacturing"
"1000054","D0","Manufacturing","1000083","D0.060","Chemical and petroleum products manufacturing","1000086","D0.060.030","Explosives manufacturing"
"1000054","D0","Manufacturing","1000083","D0.060","Chemical and petroleum products manufacturing","1000084","D0.060.010","Petrol manufacturing"
"1000054","D0","Manufacturing","1000083","D0.060","Chemical and petroleum products manufacturing","1000089","D0.060.060","Pharmaceuticals and medicine manufacturing"
"1000054","D0","Manufacturing","1000083","D0.060","Chemical and petroleum products manufacturing","1000088","D0.060.050","Plastic products manufacturing"
"1000054","D0","Manufacturing","1000083","D0.060","Chemical and petroleum products manufacturing","1000087","D0.060.040","Rubber products manufacturing"
"1000054","D0","Manufacturing","1000069","D0.020","Clothing, footwear and accessories manufacturing","1000070","D0.020.010","Adult clothing and accessories manufacturing"
"1000054","D0","Manufacturing","1000069","D0.020","Clothing, footwear and accessories manufacturing","1000071","D0.020.020","Children's clothing and baby goods manufacturing"
"1000054","D0","Manufacturing","1000069","D0.020","Clothing, footwear and accessories manufacturing","1000072","D0.020.030","Footwear manufacturing"
"1000054","D0","Manufacturing","1000069","D0.020","Clothing, footwear and accessories manufacturing","1000073","D0.020.040","Leather products manufacturing"
"1000054","D0","Manufacturing","1000116","D0.110","Electrical equipment manufacturing","1000121","D0.110.050","Battery manufacturing"
"1000054","D0","Manufacturing","1000116","D0.110","Electrical equipment manufacturing","1000117","D0.110.010","Electric lighting equipment manufacturing"
"1000054","D0","Manufacturing","1000116","D0.110","Electrical equipment manufacturing","1000119","D0.110.030","Electric motor manufacturing"
"1000054","D0","Manufacturing","1000116","D0.110","Electrical equipment manufacturing","1000120","D0.110.040","Electric wire and cable manufacturing"
"1000054","D0","Manufacturing","1000116","D0.110","Electrical equipment manufacturing","1000118","D0.110.020","Electrical appliance manufacturing"
"1000054","D0","Manufacturing","1000122","D0.120","Electronic equipment and computer manufacturing","1000126","D0.120.040","Audio-visual equipment manufacturing"
"1000054","D0","Manufacturing","1000122","D0.120","Electronic equipment and computer manufacturing","1000123","D0.120.010","Computer and computer peripherals manufacturing"
"1000054","D0","Manufacturing","1000122","D0.120","Electronic equipment and computer manufacturing","1000124","D0.120.020","Electronic office equipment manufacturing"
"1000054","D0","Manufacturing","1000122","D0.120","Electronic equipment and computer manufacturing","1000127","D0.120.050","Recording media manufacturing"
"1000054","D0","Manufacturing","1000122","D0.120","Electronic equipment and computer manufacturing","1000125","D0.120.030","Telecommunications equipment manufacturing"
"1000054","D0","Manufacturing","1000055","D0.010","Food, drink and tobacco manufacturing","1000066","D0.010.110","Alcoholic drink manufacturing"
"1000054","D0","Manufacturing","1000055","D0.010","Food, drink and tobacco manufacturing","1000056","D0.010.010","Animal food manufacturing"
"1000054","D0","Manufacturing","1000055","D0.010","Food, drink and tobacco manufacturing","1000062","D0.010.070","Bakery products manufacturing"
"1000054","D0","Manufacturing","1000055","D0.010","Food, drink and tobacco manufacturing","1000059","D0.010.040","Dairy product manufacturing"
"1000054","D0","Manufacturing","1000055","D0.010","Food, drink and tobacco manufacturing","1000058","D0.010.030","Fruit and vegetable processing"
"1000054","D0","Manufacturing","1000055","D0.010","Food, drink and tobacco manufacturing","1000057","D0.010.020","Grain and vegetable oil processing"
"1000054","D0","Manufacturing","1000055","D0.010","Food, drink and tobacco manufacturing","1000065","D0.010.100","Health food and supplements manufacturing"
"1000054","D0","Manufacturing","1000055","D0.010","Food, drink and tobacco manufacturing","1000060","D0.010.050","Meat product manufacturing"
"1000054","D0","Manufacturing","1000055","D0.010","Food, drink and tobacco manufacturing","1000064","D0.010.090","Other food manufacturing"
"1000054","D0","Manufacturing","1000055","D0.010","Food, drink and tobacco manufacturing","1000061","D0.010.060","Seafood processing"
"1000054","D0","Manufacturing","1000055","D0.010","Food, drink and tobacco manufacturing","1000067","D0.010.120","Soft drink manufacturing"
"1000054","D0","Manufacturing","1000055","D0.010","Food, drink and tobacco manufacturing","1000063","D0.010.080","Sugar and confectionery manufacturing"
"1000054","D0","Manufacturing","1000055","D0.010","Food, drink and tobacco manufacturing","1000068","D0.010.130","Tobacco products manufacturing"
"1000054","D0","Manufacturing","1000128","D0.130","Jewellery, watch and clock manufacturing","1000129","D0.130.010","Jewellery manufacturing"
"1000054","D0","Manufacturing","1000128","D0.130","Jewellery, watch and clock manufacturing","1000130","D0.130.020","Watch and clock manufacturing"
"1000054","D0","Manufacturing","1000103","D0.090","Machinery manufacturing","1000105","D0.090.020","Agricultural machinery manufacturing"
"1000054","D0","Manufacturing","1000103","D0.090","Machinery manufacturing","1000107","D0.090.040","Construction machinery manufacturing"
"1000054","D0","Manufacturing","1000103","D0.090","Machinery manufacturing","1000104","D0.090.010","Engine and turbine manufacturing"
"1000054","D0","Manufacturing","1000103","D0.090","Machinery manufacturing","1000108","D0.090.050","Guns and ammunition manufacturing"
"1000054","D0","Manufacturing","1000103","D0.090","Machinery manufacturing","1000109","D0.090.060","Industrial machinery manufacturing"
"1000054","D0","Manufacturing","1000103","D0.090","Machinery manufacturing","1000110","D0.090.070","Other machinery manufacturing"
"1000054","D0","Manufacturing","1000103","D0.090","Machinery manufacturing","1000106","D0.090.030","Power tool manufacturing"
"1000054","D0","Manufacturing","1000099","D0.080","Metal and metal products manufacturing","1000100","D0.080.010","Metal manufacturing"
"1000054","D0","Manufacturing","1000099","D0.080","Metal and metal products manufacturing","1000102","D0.080.030","Metal product manufacturing"
"1000054","D0","Manufacturing","1000099","D0.080","Metal and metal products manufacturing","1000101","D0.080.020","Metal treatment and coating"
"1000054","D0","Manufacturing","1000077","D0.040","Paper products manufacturing","1000078","D0.040.010","Paper and paper stationery manufacturing"
"1000054","D0","Manufacturing","1000077","D0.040","Paper products manufacturing","1000079","D0.040.020","Paper container and packaging manufacturing"
"1000054","D0","Manufacturing","1000080","D0.050","Printing and printing support activities","1000081","D0.050.010","Printing"
"1000054","D0","Manufacturing","1000080","D0.050","Printing and printing support activities","1000082","D0.050.020","Printing support activities"
"1000054","D0","Manufacturing","1000074","D0.030","Textiles and furniture manufacturing","1000076","D0.030.020","Furniture manufacturing"
"1000054","D0","Manufacturing","1000074","D0.030","Textiles and furniture manufacturing","1000075","D0.030.010","Textiles manufacturing"
"1000054","D0","Manufacturing","1000111","D0.100","Vehicle manufacturing","1079032100","D0.100.060","Aircraft manufacturing"
"1000054","D0","Manufacturing","1000111","D0.100","Vehicle manufacturing","1000115","D0.100.040","Boat building and repair"
"1000054","D0","Manufacturing","1000111","D0.100","Vehicle manufacturing","1000114","D0.100.030","Motor vehicle accessories manufacturing"
"1000054","D0","Manufacturing","1000111","D0.100","Vehicle manufacturing","1000112","D0.100.010","Motor vehicle manufacturing"
"1000054","D0","Manufacturing","1000111","D0.100","Vehicle manufacturing","1000113","D0.100.020","Motor vehicle parts manufacturing"
"1000054","D0","Manufacturing","1000111","D0.100","Vehicle manufacturing","1000087","D0.060.040","Rubber products manufacturing"
"1000054","D0","Manufacturing","1000111","D0.100","Vehicle manufacturing","1079031844","D0.100.050","Train and rolling stock manufacturing"
"1000385","J0","Media and creative services","1078750265","J0.010","Design and photographic services","1079055374","J0.010.040","Fashion design services"
"1000385","J0","Media and creative services","1078750265","J0.010","Design and photographic services","1079055119","J0.010.020","Graphic design services"
"1000385","J0","Media and creative services","1078750265","J0.010","Design and photographic services","1078982731","J0.010.010","Industrial design services"
"1000385","J0","Media and creative services","1078750265","J0.010","Design and photographic services","1079055372","J0.010.030","Interior design services"
"1000385","J0","Media and creative services","1078750265","J0.010","Design and photographic services","1079055376","J0.010.050","Photographic services"
"1000385","J0","Media and creative services","1078750265","J0.010","Design and photographic services","1000376","I0.020.030","Web design and development"
"1000385","J0","Media and creative services","1000392","J0.020","Film production and distribution","1000394","J0.020.020","Film distribution"
"1000385","J0","Media and creative services","1000392","J0.020","Film production and distribution","1000393","J0.020.010","Film production"
"1000385","J0","Media and creative services","1000392","J0.020","Film production and distribution","1000395","J0.020.030","Film projection"
"1000385","J0","Media and creative services","1000396","J0.030","Music production and publishing","1000398","J0.030.020","Music production"
"1000385","J0","Media and creative services","1000396","J0.030","Music production and publishing","1000399","J0.030.030","Music publishing"
"1000385","J0","Media and creative services","1000396","J0.030","Music production and publishing","1000397","J0.030.010","Music recording studio services"
"1000385","J0","Media and creative services","1000403","J0.050","Publishing","1000404","J0.050.010","Book publishing"
"1000385","J0","Media and creative services","1000403","J0.050","Publishing","1000406","J0.050.030","Magazine publishing"
"1000385","J0","Media and creative services","1000403","J0.050","Publishing","1000405","J0.050.020","Newspaper publishing"
"1000385","J0","Media and creative services","1000403","J0.050","Publishing","1000407","J0.050.040","Other publishing"
"1000385","J0","Media and creative services","1000400","J0.040","Television and radio broadcasting","1000402","J0.040.020","Radio broadcasting"
"1000385","J0","Media and creative services","1000400","J0.040","Television and radio broadcasting","1000401","J0.040.010","Television broadcasting"
"1000019","B0","Mining, energy and utilities","1000023","B0.020","Energy utilities","1000024","B0.020.010","Electricity supply"
"1000019","B0","Mining, energy and utilities","1000023","B0.020","Energy utilities","1000025","B0.020.020","Gas supply"
"1000019","B0","Mining, energy and utilities","1000023","B0.020","Energy utilities","1000026","B0.020.030","Water supply"
"1000019","B0","Mining, energy and utilities","1000020","B0.010","Mining and oil and gas extraction","1000021","B0.010.010","Mining and quarrying"
"1000019","B0","Mining, energy and utilities","1000020","B0.010","Mining and oil and gas extraction","1000022","B0.010.020","Oil and gas extraction"
"1000456","M0","Personal services","1000457","M0.010","Personal care services","1000459","M0.010.020","Beautician services"
"1000456","M0","Personal services","1000457","M0.010","Personal care services","1000458","M0.010.010","Hairdressing"
"1000456","M0","Personal services","1000457","M0.010","Personal care services","1000460","M0.010.030","Massage"
"1000456","M0","Personal services","1000457","M0.010","Personal care services","1000461","M0.010.040","Saunas and steam rooms"
"1000456","M0","Personal services","1000457","M0.010","Personal care services","1000464","M0.010.070","Slimming centres"
"1000456","M0","Personal services","1000457","M0.010","Personal care services","1000463","M0.010.060","Tanning salons"
"1000456","M0","Personal services","1000457","M0.010","Personal care services","1000462","M0.010.050","Tattoo parlours"
"1000311","H0","Professional and business services","1000345","H0.050","Advertising and marketing services","1000346","H0.050.010","Advertising agencies"
"1000311","H0","Professional and business services","1000345","H0.050","Advertising and marketing services","1000348","H0.050.030","Direct marketing services"
"1000311","H0","Professional and business services","1000345","H0.050","Advertising and marketing services","1000349","H0.050.040","Market research services"
"1000311","H0","Professional and business services","1000345","H0.050","Advertising and marketing services","1000350","H0.050.050","Marketing consultancy"
"1000311","H0","Professional and business services","1000345","H0.050","Advertising and marketing services","1000347","H0.050.020","Public relations services"
"1000311","H0","Professional and business services","1000351","H0.060","Business support services","1000358","H0.060.100","Auctioneering services"
"1000311","H0","Professional and business services","1000351","H0.060","Business support services","1000342","H0.060.060","Cleaning services"
"1000311","H0","Professional and business services","1000351","H0.060","Business support services","1000254","F0.040.080","Computers and electronic office equipment repair"
"1000311","H0","Professional and business services","1000351","H0.060","Business support services","1000359","H0.060.110","Event organisation and management"
"1000311","H0","Professional and business services","1000351","H0.060","Business support services","1000341","H0.060.050","Garden and landscape maintenance"
"1000311","H0","Professional and business services","1000351","H0.060","Business support services","1000356","H0.060.080","Investigation services"
"1000311","H0","Professional and business services","1000351","H0.060","Business support services","1000352","H0.060.010","Recruitment agencies and personnel supply"
"1000311","H0","Professional and business services","1000351","H0.060","Business support services","1000360","H0.060.130","Scientific research and development"
"1000311","H0","Professional and business services","1000351","H0.060","Business support services","1000353","H0.060.020","Secretarial and PA services"
"1000311","H0","Professional and business services","1000351","H0.060","Business support services","1000357","H0.060.090","Security services"
"1000311","H0","Professional and business services","1000351","H0.060","Business support services","1000354","H0.060.030","Translation services"
"1000311","H0","Professional and business services","1000351","H0.060","Business support services","1000299","G0.010.050","Travel agency services"
"1000311","H0","Professional and business services","1000351","H0.060","Business support services","1000355","H0.060.070","Vending machine supply and servicing"
"1000311","H0","Professional and business services","1000312","H0.010","Financial services","1000313","H0.010.010","Accountancy"
"1000311","H0","Professional and business services","1000312","H0.010","Financial services","1000320","H0.010.080","Asset management"
"1000311","H0","Professional and business services","1000312","H0.010","Financial services","1000316","H0.010.040","Consumer credit broking"
"1000311","H0","Professional and business services","1000312","H0.010","Financial services","1000322","H0.010.100","Currency exchange"
"1000311","H0","Professional and business services","1000312","H0.010","Financial services","1000324","H0.010.120","Financial consultancy"
"1000311","H0","Professional and business services","1000312","H0.010","Financial services","1000314","H0.010.020","Financial leasing"
"1000311","H0","Professional and business services","1000312","H0.010","Financial services","1000321","H0.010.090","Independent financial advice"
"1000311","H0","Professional and business services","1000312","H0.010","Financial services","1000317","H0.010.050","Life insurance broking"
"1000311","H0","Professional and business services","1000312","H0.010","Financial services","1000318","H0.010.060","Non-life insurance broking"
"1000311","H0","Professional and business services","1000312","H0.010","Financial services","1000323","H0.010.110","Payroll provision"
"1000311","H0","Professional and business services","1000312","H0.010","Financial services","1000319","H0.010.070","Securities broking"
"1000311","H0","Professional and business services","1000312","H0.010","Financial services","1000315","H0.010.030","Specialist credit provision"
"1000311","H0","Professional and business services","1000325","H0.020","Legal services","1000329","H0.020.040","Arbitration and conciliation services"
"1000311","H0","Professional and business services","1000325","H0.020","Legal services","1000331","H0.020.060","Bailiff services"
"1000311","H0","Professional and business services","1000325","H0.020","Legal services","1000326","H0.020.010","Barrister services"
"1000311","H0","Professional and business services","1000325","H0.020","Legal services","1082797751","H0.020.080","Claims management"
"1000311","H0","Professional and business services","1000325","H0.020","Legal services","1000332","H0.020.070","Holding company management"
"1000311","H0","Professional and business services","1000325","H0.020","Legal services","1000330","H0.020.050","Insolvency services"
"1000311","H0","Professional and business services","1000325","H0.020","Legal services","1000328","H0.020.030","Patent and copyright agent services"
"1000311","H0","Professional and business services","1000325","H0.020","Legal services","1000327","H0.020.020","Solicitor services"
"1000311","H0","Professional and business services","1000333","H0.030","Management consultancy","1000334","H0.030.010","General management consultancy"
"1000311","H0","Professional and business services","1000333","H0.030","Management consultancy","1000335","H0.030.020","Health and safety consultancy"
"1000311","H0","Professional and business services","1000333","H0.030","Management consultancy","1000336","H0.030.030","Trade and export consultancy"
"1000311","H0","Professional and business services","1000337","H0.040","Real estate services","1000049","C0.030.010","Architectural services"
"1000311","H0","Professional and business services","1000337","H0.040","Real estate services","1000339","H0.040.020","Chartered surveying"
"1000311","H0","Professional and business services","1000337","H0.040","Real estate services","1000342","H0.060.060","Cleaning services"
"1000311","H0","Professional and business services","1000337","H0.040","Real estate services","1080185236","H0.040.060","Energy assessment"
"1000311","H0","Professional and business services","1000337","H0.040","Real estate services","1000338","H0.040.010","Estate agency services"
"1000311","H0","Professional and business services","1000337","H0.040","Real estate services","1000341","H0.060.050","Garden and landscape maintenance"
"1000311","H0","Professional and business services","1000337","H0.040","Real estate services","1000050","C0.030.020","Landscape design services"
"1000311","H0","Professional and business services","1000337","H0.040","Real estate services","1000344","H0.040.050","Letting of own property"
"1000311","H0","Professional and business services","1000337","H0.040","Real estate services","1000343","H0.040.040","Property development"
"1000311","H0","Professional and business services","1000337","H0.040","Real estate services","1000340","H0.040.030","Property management services"
"1000311","H0","Professional and business services","1000337","H0.040","Real estate services","1000052","C0.030.040","Quantity surveying"
"1000311","H0","Professional and business services","1000337","H0.040","Real estate services","1000051","C0.030.030","Urban planning services"
"1000311","H0","Professional and business services","1000361","H0.070","Waste management and environmental services","1000366","H0.070.050","Environmental consultancy"
"1000311","H0","Professional and business services","1000361","H0.070","Waste management and environmental services","1000365","H0.070.040","Metal waste and scrap recycling"
"1000311","H0","Professional and business services","1000361","H0.070","Waste management and environmental services","1000364","H0.070.030","Non-metal waste and scrap recycling"
"1000311","H0","Professional and business services","1000361","H0.070","Waste management and environmental services","1000046","C0.020.140","Other specialised construction activities"
"1000311","H0","Professional and business services","1000361","H0.070","Waste management and environmental services","1000362","H0.070.010","Waste collection"
"1000311","H0","Professional and business services","1000361","H0.070","Waste management and environmental services","1000363","H0.070.020","Waste treatment and disposal"
"1000218","F0","Retail, hire and repair","1000287","F0.100","Arts, antiques and second-hand goods retail","1000291","F0.100.040","Antiques repair and restoration"
"1000218","F0","Retail, hire and repair","1000287","F0.100","Arts, antiques and second-hand goods retail","1000290","F0.100.030","Antiques retail"
"1000218","F0","Retail, hire and repair","1000287","F0.100","Arts, antiques and second-hand goods retail","1000288","F0.100.010","Art and craft retail"
"1000218","F0","Retail, hire and repair","1000287","F0.100","Arts, antiques and second-hand goods retail","1000289","F0.100.020","Art and craft supplies retail"
"1000218","F0","Retail, hire and repair","1000287","F0.100","Arts, antiques and second-hand goods retail","1000292","F0.100.050","Second-hand goods retail"
"1000218","F0","Retail, hire and repair","1000268","F0.070","Books, stationery and gifts retail","1000290","F0.100.030","Antiques retail"
"1000218","F0","Retail, hire and repair","1000268","F0.070","Books, stationery and gifts retail","1000269","F0.070.010","Books, newspapers and magazines retail"
"1000218","F0","Retail, hire and repair","1000268","F0.070","Books, stationery and gifts retail","1000272","F0.070.040","Flower retail"
"1000218","F0","Retail, hire and repair","1000268","F0.070","Books, stationery and gifts retail","1000271","F0.070.030","Greeting card, gift and party goods retail"
"1000218","F0","Retail, hire and repair","1000268","F0.070","Books, stationery and gifts retail","1000270","F0.070.020","Stationery retail"
"1000218","F0","Retail, hire and repair","1000231","F0.020","Clothing, footwear and accessories retail, hire and repair","1000232","F0.020.010","Adult clothing and accessories retail and repair"
"1000218","F0","Retail, hire and repair","1000231","F0.020","Clothing, footwear and accessories retail, hire and repair","1000233","F0.020.020","Childrens clothing and baby goods retail"
"1000218","F0","Retail, hire and repair","1000231","F0.020","Clothing, footwear and accessories retail, hire and repair","1000236","F0.020.050","Clothing hire"
"1000218","F0","Retail, hire and repair","1000231","F0.020","Clothing, footwear and accessories retail, hire and repair","1000234","F0.020.030","Footwear retail"
"1000218","F0","Retail, hire and repair","1000231","F0.020","Clothing, footwear and accessories retail, hire and repair","1000235","F0.020.040","Leather products retail"
"1000218","F0","Retail, hire and repair","1000247","F0.040","Electric and electronic appliance retail, hire and repair","1000252","F0.040.060","Audio-visual equipment hire"
"1000218","F0","Retail, hire and repair","1000247","F0.040","Electric and electronic appliance retail, hire and repair","1000251","F0.040.050","Audio-visual equipment repair"
"1000218","F0","Retail, hire and repair","1000247","F0.040","Electric and electronic appliance retail, hire and repair","1000250","F0.040.040","Audio-visual equipment retail"
"1000218","F0","Retail, hire and repair","1000247","F0.040","Electric and electronic appliance retail, hire and repair","1000254","F0.040.080","Computers and electronic office equipment repair"
"1000218","F0","Retail, hire and repair","1000247","F0.040","Electric and electronic appliance retail, hire and repair","1000253","F0.040.070","Computers and electronic office equipment retail"
"1000218","F0","Retail, hire and repair","1000247","F0.040","Electric and electronic appliance retail, hire and repair","1000249","F0.040.030","Electric appliance repair"
"1000218","F0","Retail, hire and repair","1000247","F0.040","Electric and electronic appliance retail, hire and repair","1000248","F0.040.020","Electric appliance retail"
"1000218","F0","Retail, hire and repair","1000247","F0.040","Electric and electronic appliance retail, hire and repair","1000241","F0.040.010","Electric lighting equipment retail"
"1000218","F0","Retail, hire and repair","1000247","F0.040","Electric and electronic appliance retail, hire and repair","1000255","F0.040.090","Telecommunication equipment retail"
"1000218","F0","Retail, hire and repair","1000219","F0.010","Food, drink and tobacco retail","1000228","F0.010.090","Alcoholic drink retail"
"1000218","F0","Retail, hire and repair","1000219","F0.010","Food, drink and tobacco retail","1000224","F0.010.050","Bakery product retail"
"1000218","F0","Retail, hire and repair","1000219","F0.010","Food, drink and tobacco retail","1000225","F0.010.060","Chocolate and confectionery retail"
"1000218","F0","Retail, hire and repair","1000219","F0.010","Food, drink and tobacco retail","1000227","F0.010.080","Delicatessens"
"1000218","F0","Retail, hire and repair","1000219","F0.010","Food, drink and tobacco retail","1000229","F0.010.100","Food, drink and tobacco retail not in stores, stalls or markets"
"1000218","F0","Retail, hire and repair","1000219","F0.010","Food, drink and tobacco retail","1000221","F0.010.020","Fruit and vegetable retail"
"1000218","F0","Retail, hire and repair","1000219","F0.010","Food, drink and tobacco retail","1000220","F0.010.010","General food retail"
"1000218","F0","Retail, hire and repair","1000219","F0.010","Food, drink and tobacco retail","1000226","F0.010.070","Health food and supplements retail"
"1000218","F0","Retail, hire and repair","1000219","F0.010","Food, drink and tobacco retail","1000222","F0.010.030","Meat, poultry and game retail"
"1000218","F0","Retail, hire and repair","1000219","F0.010","Food, drink and tobacco retail","1079032255","F0.010.120","Other food retail"
"1000218","F0","Retail, hire and repair","1000219","F0.010","Food, drink and tobacco retail","1080395669","F0.010.130","Retail trade in stalls and markets"
"1000218","F0","Retail, hire and repair","1000219","F0.010","Food, drink and tobacco retail","1000223","F0.010.040","Seafood retail"
"1000218","F0","Retail, hire and repair","1000219","F0.010","Food, drink and tobacco retail","1000230","F0.010.110","Tobacco and tobacco products retail"
"1000218","F0","Retail, hire and repair","1000237","F0.030","Home and garden products retail, hire and repair","1000244","F0.030.060","Building materials and supplies retail"
"1000218","F0","Retail, hire and repair","1000237","F0.030","Home and garden products retail, hire and repair","1000246","F0.030.080","Catering equipment hire"
"1000218","F0","Retail, hire and repair","1000237","F0.030","Home and garden products retail, hire and repair","1000241","F0.040.010","Electric lighting equipment retail"
"1000218","F0","Retail, hire and repair","1000237","F0.030","Home and garden products retail, hire and repair","1000239","F0.030.020","Furniture repair and restoration"
"1000218","F0","Retail, hire and repair","1000237","F0.030","Home and garden products retail, hire and repair","1000238","F0.030.010","Furniture retail"
"1000218","F0","Retail, hire and repair","1000237","F0.030","Home and garden products retail, hire and repair","1000245","F0.030.070","Garden equipment and supplies retail"
"1000218","F0","Retail, hire and repair","1000237","F0.030","Home and garden products retail, hire and repair","1000243","F0.030.050","Hardware products retail"
"1000218","F0","Retail, hire and repair","1000237","F0.030","Home and garden products retail, hire and repair","1000240","F0.030.030","Home furnishings retail"
"1000218","F0","Retail, hire and repair","1000237","F0.030","Home and garden products retail, hire and repair","1000242","F0.030.040","Picture framing services"
"1000218","F0","Retail, hire and repair","1000237","F0.030","Home and garden products retail, hire and repair","1080395610","F0.030.090","Repair of personal and household goods"
"1000218","F0","Retail, hire and repair","1000273","F0.080","Jewellery, watch and clock retail and repair","1000275","F0.080.020","Engraving services"
"1000218","F0","Retail, hire and repair","1000273","F0.080","Jewellery, watch and clock retail and repair","1000274","F0.080.010","Jewellery, watches and clocks retail and repair"
"1000218","F0","Retail, hire and repair","1000256","F0.050","Motor vehicle and fuel retail, hire and repair","1000262","F0.050.060","Motor vehicle fuel retail"
"1000218","F0","Retail, hire and repair","1000256","F0.050","Motor vehicle and fuel retail, hire and repair","1000261","F0.050.050","Motor vehicle hire"
"1000218","F0","Retail, hire and repair","1000256","F0.050","Motor vehicle and fuel retail, hire and repair","1000260","F0.050.040","Motor vehicle maintenance and repair"
"1000218","F0","Retail, hire and repair","1000256","F0.050","Motor vehicle and fuel retail, hire and repair","1000259","F0.050.030","Motor vehicle parts and accessories retail"
"1000218","F0","Retail, hire and repair","1000256","F0.050","Motor vehicle and fuel retail, hire and repair","1000257","F0.050.010","New motor vehicle retail"
"1000218","F0","Retail, hire and repair","1000256","F0.050","Motor vehicle and fuel retail, hire and repair","1000258","F0.050.020","Used motor vehicle retail"
"1000218","F0","Retail, hire and repair","1087646568","F0.120","Non store retail","1087646602","F0.120.010","Itinerant street trading"
"1000218","F0","Retail, hire and repair","1087646568","F0.120","Non store retail","1087647779","F0.120.020","Retail sale via mail order houses or via the internet"
"1000218","F0","Retail, hire and repair","1000263","F0.060","Pharmaceuticals, health and beauty products retail","1000265","F0.060.020","Beauty and toilet products retail"
"1000218","F0","Retail, hire and repair","1000263","F0.060","Pharmaceuticals, health and beauty products retail","1000264","F0.060.010","Chemist supplies retail"
"1000218","F0","Retail, hire and repair","1000263","F0.060","Pharmaceuticals, health and beauty products retail","1000267","F0.060.040","Marital aids retail"
"1000218","F0","Retail, hire and repair","1000263","F0.060","Pharmaceuticals, health and beauty products retail","1000432","L0.010.070","Optician services"
"1000218","F0","Retail, hire and repair","1000276","F0.090","Sports and recreation goods retail, hire and repair","1000277","F0.090.010","Bicycle and bicycle parts retail"
"1000218","F0","Retail, hire and repair","1000276","F0.090","Sports and recreation goods retail, hire and repair","1000284","F0.090.080","Camping and outdoor equipment retail"
"1000218","F0","Retail, hire and repair","1000276","F0.090","Sports and recreation goods retail, hire and repair","1000280","F0.090.040","Guns and ammunition retail"
"1000218","F0","Retail, hire and repair","1000276","F0.090","Sports and recreation goods retail, hire and repair","1000281","F0.090.050","Musical instrument retail and repair"
"1000218","F0","Retail, hire and repair","1000276","F0.090","Sports and recreation goods retail, hire and repair","1000286","F0.090.100","Party supplies hire"
"1000218","F0","Retail, hire and repair","1000276","F0.090","Sports and recreation goods retail, hire and repair","1000285","F0.090.090","Pets and pet supplies retail"
"1000218","F0","Retail, hire and repair","1000276","F0.090","Sports and recreation goods retail, hire and repair","1000279","F0.090.030","Saddlery and tack retail and repair"
"1000218","F0","Retail, hire and repair","1000276","F0.090","Sports and recreation goods retail, hire and repair","1000278","F0.090.020","Sports equipment retail"
"1000218","F0","Retail, hire and repair","1000276","F0.090","Sports and recreation goods retail, hire and repair","1000282","F0.090.060","Toys, games and collectables retail"
"1000218","F0","Retail, hire and repair","1000276","F0.090","Sports and recreation goods retail, hire and repair","1000283","F0.090.070","Video, DVD and computer game rental"
"1000137","E0","Wholesale","1000138","E0.010","Agricultural materials wholesale","1000139","E0.010.010","Agricultural materials wholesale"
"1000137","E0","Wholesale","1000138","E0.010","Agricultural materials wholesale","1000140","E0.010.020","Agricultural materials wholesale agents"
"1000137","E0","Wholesale","1000212","E0.150","Arts, sports and recreation goods wholesale","1000213","E0.150.010","Bicycle and bicycle parts wholesale"
"1000137","E0","Wholesale","1000212","E0.150","Arts, sports and recreation goods wholesale","1000217","E0.150.050","Camping and outdoor equipment wholesale"
"1000137","E0","Wholesale","1000212","E0.150","Arts, sports and recreation goods wholesale","1000215","E0.150.030","Musical instrument wholesale"
"1000137","E0","Wholesale","1000212","E0.150","Arts, sports and recreation goods wholesale","1000214","E0.150.020","Sports equipment wholesale"
"1000137","E0","Wholesale","1000212","E0.150","Arts, sports and recreation goods wholesale","1000216","E0.150.040","Toys, games and collectables wholesale"
"1000137","E0","Wholesale","1000204","E0.130","Books, stationery and gifts wholesale","1000205","E0.130.010","Books, newspapers and magazines wholesale"
"1000137","E0","Wholesale","1000204","E0.130","Books, stationery and gifts wholesale","1000207","E0.130.030","Greeting card, gift and party goods wholesale"
"1000137","E0","Wholesale","1000204","E0.130","Books, stationery and gifts wholesale","1000206","E0.130.020","Paper and stationery wholesale"
"1000137","E0","Wholesale","1000173","E0.080","Building materials and hardware wholesale","1000174","E0.080.010","Building materials wholesale"
"1000137","E0","Wholesale","1000173","E0.080","Building materials and hardware wholesale","1000178","E0.080.050","Explosives wholesale"
"1000137","E0","Wholesale","1000173","E0.080","Building materials and hardware wholesale","1000177","E0.080.040","Glass building products wholesale"
"1000137","E0","Wholesale","1000173","E0.080","Building materials and hardware wholesale","1000175","E0.080.020","Hardware products wholesale"
"1000137","E0","Wholesale","1000173","E0.080","Building materials and hardware wholesale","1000176","E0.080.030","Wallpaper and paint wholesale"
"1000137","E0","Wholesale","1000162","E0.060","Clothing, footwear and accessories wholesale","1000163","E0.060.010","Adults clothing and accessories wholesale"
"1000137","E0","Wholesale","1000162","E0.060","Clothing, footwear and accessories wholesale","1000164","E0.060.020","Childrens clothing and baby goods wholesale"
"1000137","E0","Wholesale","1000162","E0.060","Clothing, footwear and accessories wholesale","1000165","E0.060.030","Footwear wholesale"
"1000137","E0","Wholesale","1000162","E0.060","Clothing, footwear and accessories wholesale","1000166","E0.060.040","Leather products wholesale"
"1000137","E0","Wholesale","1000197","E0.120","Cosmetics, medicinal and chemical products wholesale","1000202","E0.120.045","Agrochemicals wholesale"
"1000137","E0","Wholesale","1000197","E0.120","Cosmetics, medicinal and chemical products wholesale","1000199","E0.120.020","Beauty and toilet products wholesale"
"1000137","E0","Wholesale","1000197","E0.120","Cosmetics, medicinal and chemical products wholesale","1000203","E0.120.050","Chemical products wholesale agents"
"1000137","E0","Wholesale","1000197","E0.120","Cosmetics, medicinal and chemical products wholesale","1000198","E0.120.010","Chemist supplies wholesale"
"1000137","E0","Wholesale","1000197","E0.120","Cosmetics, medicinal and chemical products wholesale","1000201","E0.120.040","Cleaning compound wholesale"
"1000137","E0","Wholesale","1000197","E0.120","Cosmetics, medicinal and chemical products wholesale","1000200","E0.120.030","Optical products wholesale"
"1000137","E0","Wholesale","1000179","E0.090","Electric and electronic equipment wholesale","1000181","E0.090.030","Audio-visual equipment wholesale"
"1000137","E0","Wholesale","1000179","E0.090","Electric and electronic equipment wholesale","1000182","E0.090.040","Computer, software and peripherals wholesale"
"1000137","E0","Wholesale","1000179","E0.090","Electric and electronic equipment wholesale","1000180","E0.090.020","Electric appliance wholesale"
"1000137","E0","Wholesale","1000179","E0.090","Electric and electronic equipment wholesale","1000169","E0.090.010","Electric lighting equipment wholesale"
"1000137","E0","Wholesale","1000179","E0.090","Electric and electronic equipment wholesale","1000183","E0.090.050","Electronic office equipment and supplies wholesale"
"1000137","E0","Wholesale","1000179","E0.090","Electric and electronic equipment wholesale","1000185","E0.090.070","Recording media wholesale"
"1000137","E0","Wholesale","1000179","E0.090","Electric and electronic equipment wholesale","1000184","E0.090.060","Telecommunications equipment wholesale"
"1000137","E0","Wholesale","1000150","E0.050","Food, drink and tobacco wholesale","1000159","E0.050.090","Alcoholic drink wholesale"
"1000137","E0","Wholesale","1000150","E0.050","Food, drink and tobacco wholesale","1000155","E0.050.050","Bakery products wholesale"
"1000137","E0","Wholesale","1000150","E0.050","Food, drink and tobacco wholesale","1000152","E0.050.020","Dairy products and egg wholesale"
"1000137","E0","Wholesale","1000150","E0.050","Food, drink and tobacco wholesale","1000151","E0.050.010","Fruit and vegetable wholesale"
"1000137","E0","Wholesale","1000150","E0.050","Food, drink and tobacco wholesale","1000158","E0.050.080","Health food and supplements wholesale"
"1000137","E0","Wholesale","1000150","E0.050","Food, drink and tobacco wholesale","1000153","E0.050.030","Meat and meat products wholesale"
"1000137","E0","Wholesale","1000150","E0.050","Food, drink and tobacco wholesale","1000157","E0.050.070","Other food wholesale"
"1000137","E0","Wholesale","1000150","E0.050","Food, drink and tobacco wholesale","1000154","E0.050.040","Seafood wholesale"
"1000137","E0","Wholesale","1000150","E0.050","Food, drink and tobacco wholesale","1000160","E0.050.100","Soft drink wholesale"
"1000137","E0","Wholesale","1000150","E0.050","Food, drink and tobacco wholesale","1000156","E0.050.060","Sugar and confectionery wholesale"
"1000137","E0","Wholesale","1000150","E0.050","Food, drink and tobacco wholesale","1000161","E0.050.110","Tobacco products wholesale"
"1000137","E0","Wholesale","1000208","E0.140","Jewellery, watches and clocks wholesale","1000209","E0.140.010","Jewellery wholesale"
"1000137","E0","Wholesale","1000208","E0.140","Jewellery, watches and clocks wholesale","1000210","E0.140.020","Precious stones wholesale"
"1000137","E0","Wholesale","1000208","E0.140","Jewellery, watches and clocks wholesale","1000211","E0.140.030","Watches and clocks wholesale"
"1000137","E0","Wholesale","1000186","E0.100","Machinery wholesale","1000188","E0.100.020","Agricultural machinery wholesale"
"1000137","E0","Wholesale","1000186","E0.100","Machinery wholesale","1000190","E0.100.040","Construction machinery wholesale"
"1000137","E0","Wholesale","1000186","E0.100","Machinery wholesale","1000187","E0.100.010","Engine and turbine wholesale"
"1000137","E0","Wholesale","1000186","E0.100","Machinery wholesale","1000191","E0.100.050","Guns and ammunition wholesale"
"1000137","E0","Wholesale","1000186","E0.100","Machinery wholesale","1000193","E0.100.070","Other machinery wholesale"
"1000137","E0","Wholesale","1000186","E0.100","Machinery wholesale","1000189","E0.100.030","Power tool wholesale"
"1000137","E0","Wholesale","1000186","E0.100","Machinery wholesale","1000192","E0.100.060","Printing machinery wholesale"
"1000137","E0","Wholesale","1000144","E0.030","Metal and metal ores wholesale","1000145","E0.030.010","Metal and metal ores wholesale"
"1000137","E0","Wholesale","1000144","E0.030","Metal and metal ores wholesale","1000146","E0.030.020","Metal and metal ores wholesale agents"
"1000137","E0","Wholesale","1000194","E0.110","Motor vehicle and parts wholesale","1000196","E0.110.020","Motor vehicle parts and accessories wholesale"
"1000137","E0","Wholesale","1000194","E0.110","Motor vehicle and parts wholesale","1000195","E0.110.010","Motor vehicles wholesale"
"1000137","E0","Wholesale","1000147","E0.040","Petroleum and fuel products wholesale","1000148","E0.040.010","Petroleum and fuel products wholesale"
"1000137","E0","Wholesale","1000147","E0.040","Petroleum and fuel products wholesale","1000149","E0.040.020","Petroleum and fuel products wholesale agents"
"1000137","E0","Wholesale","1000167","E0.070","Textiles, furniture and furnishings wholesale","1000171","E0.070.030","China, glassware and crockery wholesale"
"1000137","E0","Wholesale","1000167","E0.070","Textiles, furniture and furnishings wholesale","1000169","E0.090.010","Electric lighting equipment wholesale"
"1000137","E0","Wholesale","1000167","E0.070","Textiles, furniture and furnishings wholesale","1000168","E0.070.010","Furniture wholesale"
"1000137","E0","Wholesale","1000167","E0.070","Textiles, furniture and furnishings wholesale","1000172","E0.070.040","Garden equipment and supplies wholesale"
"1000137","E0","Wholesale","1000167","E0.070","Textiles, furniture and furnishings wholesale","1000170","E0.070.020","Textiles wholesale"
"1000137","E0","Wholesale","1000141","E0.020","Timber and timber products wholesale","1000142","E0.020.010","Timber and timber products wholesale"
"1000137","E0","Wholesale","1000141","E0.020","Timber and timber products wholesale","1000143","E0.020.020","Timber and timber products wholesale agents"
